{
	"format_version": "1.8.0",
	"animations": {
		"animation.frye_shiver.idle": {
			"loop": true,
			"animation_length": 1,
			"bones": {
				"ShiverUpper": {
					"position": {
						"0.0": [0, 0, 0],
						"0.5": [0, -0.25, 0],
						"1.0": [0, 0, 0]
					}
				},
				"ShiverRightArm": {
					"rotation": {
						"0.0": [-69.79628, -25.23098, 21.19748],
						"0.5": [-75.9527, -25.86235, 23.87862],
						"1.0": [-69.79628, -25.23098, 21.19748]
					}
				},
				"ShiverLeftArm": {
					"rotation": {
						"0.0": [2.5, 0, -25],
						"0.5": [2.49762, 0.10901, -27.49762],
						"1.0": [2.5, 0, -25]
					}
				},
				"FryeUpper": {
					"position": {
						"0.0": [0, -0.25, 0],
						"0.5": [0, 0, 0],
						"1.0": [0, -0.25, 0]
					}
				},
				"FryeRArm": {
					"rotation": {
						"0.0": [-2.5, 0, 25],
						"0.5": [-2.49762, -0.10901, 22.50238],
						"1.0": [-2.5, 0, 25]
					}
				},
				"ShiverFan": {
					"rotation": {
						"0.0": [10, 0, 0],
						"0.25": [-10, 0, 0],
						"0.5": [10, 0, 0],
						"0.75": [-10, 0, 0],
						"1.0": [10, 0, 0]
					}
				}
			}
		}
	}
}